{"stats":{"minecraft:killed":{"minecraft:sheep":3,"minecraft:cow":1},"minecraft:killed_by":{"minecraft:enderman":1},"minecraft:used":{"minecraft:white_wool":3,"minecraft:rose_bush":1},"minecraft:mined":{"minecraft:grass":61,"minecraft:rose_bush":1,"minecraft:tall_grass":14},"minecraft:custom":{"minecraft:open_chest":2,"minecraft:time_since_rest":19647,"minecraft:crouch_one_cm":698,"minecraft:sprint_one_cm":20316,"minecraft:play_time":25545,"minecraft:damage_taken":500,"minecraft:deaths":1,"minecraft:walk_one_cm":29147,"minecraft:sneak_time":453,"minecraft:walk_under_water_one_cm":4167,"minecraft:mob_kills":4,"minecraft:jump":274,"minecraft:damage_dealt":444,"minecraft:leave_game":6,"minecraft:walk_on_water_one_cm":1800,"minecraft:time_since_death":19583,"minecraft:climb_one_cm":37,"minecraft:total_world_time":25545,"minecraft:fall_one_cm":6206,"minecraft:fly_one_cm":514740},"minecraft:picked_up":{"minecraft:leather":1,"minecraft:wheat_seeds":5,"minecraft:beef":3,"minecraft:rose_bush":1,"minecraft:mutton":4,"minecraft:white_wool":3}},"DataVersion":3465}